"Obs","doby","dualben_Mean","wrkonly_Mean","auxonly_Mean"
"1","1936-1945",0.34344,0.52817,0.12840
"2","1946-1955",0.30150,0.64441,0.05409
"3","1956-1965",0.27230,0.69217,0.03553
"4","1966-1975",0.22718,0.73497,0.03785
"5","1976-1985",0.19114,0.77151,0.03736
"6","1986-1995",0.18539,0.78527,0.02933
"7","1996-2005",0.16696,0.80380,0.02924
"8","2006-2015",0.15794,0.80675,0.03531

